Title,Takeaway,Authors,Year,Citations,Abstract,Study Type,Journal,Journal SJR Quartile,DOI,Consensus Link
"Determining Gaps in Current Physiatric Tele-Physical Assessments via a Needs Assessment Survey","Current telemedicine technology is insufficient for effective musculoskeletal and neurological telemedicine-based physical assessments, despite high provider and patient engagement.","Keerthana Chakka, Richard Wu, S. Belko, Thiru Annaswamy",2023,1,"Objectives: Physical examinations are essential for in-person patient visits but remain difficult to replicate during virtual encounters. This work aims to identify gaps in the current state of telemedicine-based physical assessments by surveying physical medicine and rehabilitation physicians who perform physical examinations.

Design: A survey of 29 Likert-scale questions and five open-ended questions was distributed to practicing physical medicine and rehabilitation physicians. The Likert-scale questions covered remote physical assessment, access, perception/engagement, implementation/effectiveness, and administrative concerns.

Results: Fifty-three participants completed the survey. More than 80% of respondents suggested that while telemedicine was universally well accepted, they could not effectively perform telemedicine-based physical assessments, especially the musculoskeletal and neurological components. Remote assessment of upper and lower limb strength, reflexes, and sensation were examples of key unmet needs. Responses to open-ended questions suggested that telemedicine-based physical assessments can reduce the burden of travel and increase adherence to follow-up visits, but complex technology setup can pose difficulty for older patients and patients with cognitive deficits.

Conclusions: These findings suggest that current telemedicine technology is insufficient to meet physical medicine and rehabilitation physicians' telemedicine-based physical assessments needs. Despite high levels of provider and patient engagement with telemedicine, numerous deficits remain in performing musculoskeletal and neurological examinations. These results can inform future technology developments that address these identified telemedicine-based physical assessments gaps.

Copyright © 2023 Wolters Kluwer Health, Inc. All rights reserved.","cross-sectional study","American Journal of Physical Medicine & Rehabilitation","1","10.1097/phm.0000000000002175","https://consensus.app/papers/determining-gaps-in-current-physiatric-telephysical-chakka-wu/29cafd2f88e85da7a9470a11f2a103a1/"
"Applications and limitations of current markerless motion capture methods for clinical gait biomechanics","Markerless motion capture methods show potential for clinical biomechanics, but joint center locations and angles are not yet accurate enough for clinical applications.","Logan Wade, L. Needham, P. McGuigan, J. Bilzon",2022,298,"Background: Markerless motion capture has the potential to perform movement analysis with reduced data collection and processing time compared to marker-based methods. This technology is now starting to be applied for clinical and rehabilitation applications and therefore it is crucial that users of these systems understand both their potential and limitations. This literature review aims to provide a comprehensive overview of the current state of markerless motion capture for both single camera and multi-camera systems. Additionally, this review explores how practical applications of markerless technology are being used in clinical and rehabilitation settings, and examines the future challenges and directions markerless research must explore to facilitate full integration of this technology within clinical biomechanics.

Methodology: A scoping review is needed to examine this emerging broad body of literature and determine where gaps in knowledge exist, this is key to developing motion capture methods that are cost effective and practically relevant to clinicians, coaches and researchers around the world. Literature searches were performed to examine studies that report accuracy of markerless motion capture methods, explore current practical applications of markerless motion capture methods in clinical biomechanics and identify gaps in our knowledge that are relevant to future developments in this area.

Results: Markerless methods increase motion capture data versatility, enabling datasets to be re-analyzed using updated pose estimation algorithms and may even provide clinicians with the capability to collect data while patients are wearing normal clothing. While markerless temporospatial measures generally appear to be equivalent to marker-based motion capture, joint center locations and joint angles are not yet sufficiently accurate for clinical applications. Pose estimation algorithms are approaching similar error rates of marker-based motion capture, however, without comparison to a gold standard, such as bi-planar videoradiography, the true accuracy of markerless systems remains unknown.

Conclusions: Current open-source pose estimation algorithms were never designed for biomechanical applications, therefore, datasets on which they have been trained are inconsistently and inaccurately labelled. Improvements to labelling of open-source training data, as well as assessment of markerless accuracy against gold standard methods will be vital next steps in the development of this technology.

©2022 Wade et al.","literature review","PeerJ","1","10.7717/peerj.12995","https://consensus.app/papers/applications-and-limitations-of-current-markerless-wade-needham/99638d434aeb52bfb793fbcafd601174/"
"The State of Telemedicine, Telerehabilitation, and Virtual Care in Musculoskeletal Health: A Narrative Review","Telemedicine is a valuable tool for musculoskeletal health practitioners, offering high-quality, timely, and cost-effective care, despite limitations and patient preference for in-person visits.","Mitchell A. Johnson, Tyler K. Khilnani, Abigail Hyun, Troy B. Amen, Nathan H. Varady, Benedict U. Nwachukwu, Joshua S. Dines",2025,5,"Telemedicine has become an increasingly important component of musculoskeletal care, with recent advances in virtual physical examinations, enhanced patient education, and expanded access to treatment and telerehabilitation. Emerging applications of artificial intelligence, including virtual triaging and remote patient monitoring, promise to further augment telemedicine's effectiveness and scope. Despite limitations and a continued preference for in-person visits among some patients, telemedicine can be a valuable tool for musculoskeletal health practitioners, offering new ways to deliver high-quality, timely, and cost-effective care.

© The Author(s) 2025.","literature review","HSS Journal®","2","10.1177/15563316251341229","https://consensus.app/papers/the-state-of-telemedicine-telerehabilitation-and-virtual-johnson-khilnani/7c246c8b5ae25b18b1a00e20424f2a68/"
"The utility of physiotherapy assessments delivered by telehealth: A systematic review","Physiotherapy assessments using synchronous telehealth are valid and reliable for specific assessment types in limited populations, but further research is needed to strengthen their clinometric value across all practice areas.","Cherie Zischke, Vini Simas, Wayne Hing, N. Milne, A. Spittle, Rodney Pope",2021,46,"Background: Telehealth use is increasing due to its ability to overcome service access barriers and provide continued care when disease transmission is of concern. However, little is known of the validity, reliability and utility of performing physiotherapy assessments using synchronous forms of telehealth across all physiotherapy practice areas. The aim of this systematic review was to determine the current clinometric value of performing physiotherapy assessments using synchronous forms of telehealth across all areas of physiotherapy practice.

Methods: A comprehensive search of databases (PubMed/MEDLINE, The Cochrane Library, Embase and EBSCO) was undertaken to identify studies investigating the clinometric value of performing physiotherapy assessments using synchronous forms of telehealth across all physiotherapy practice areas. Following selection, a quality appraisal was conducted using the Brink and Louw or Mixed Methods Appraisal Tool. Evidence regarding validity, reliability and utility of synchronous telehealth physiotherapy assessments was extracted and synthesised using a critical narrative approach.

Results: Thirty-nine studies conducted in a variety of simulated (n = 15) or real-world telehealth environments (n = 24), were included. The quality of the validity, reliability and utility studies varied. Assessments including range of movement, muscle strength, endurance, pain, special orthopaedic tests (shoulder/elbow), Berg Balance Scale, timed up and go, timed stance test, six-minute walk test, steps in 360-degree turn, Movement Assessment Battery for Children (2nd Edition), step test, ABILHAND assessment, active straight leg raise, and circumferential measures of the upper limb were reported as valid/reliable in limited populations and settings (many with small sample sizes). Participants appeared to embrace telehealth technology use, with most studies reporting high levels of participant satisfaction. If given a choice, many reported a preference for in-person physiotherapy assessments. Some inconsistencies in visual/auditory quality and challenges with verbal/non-verbal communication methods were reported. Telehealth was considered relatively cost-effective once services were established.

Conclusions: Performing physiotherapy assessments using synchronous forms of telehealth appears valid and reliable for specific assessment types in limited populations. Further research is needed in all areas of physiotherapy practice, to strengthen the evidence surrounding its clinometric value. Clinicians contemplating using this assessment mode should consider the client/family preferences, assessment requirements, cultural needs, environment, cost considerations, access and confidence using technology.

Protocol registration: PROSPERO: CRD42018108166.

Copyright © 2021 by the Journal of Global Health. All rights reserved.","systematic review","Journal of Global Health","1","10.7189/jogh.11.04072","https://consensus.app/papers/the-utility-of-physiotherapy-assessments-delivered-by-zischke-simas/9d164ce4d37b5b03ae6c92e8f6eba165/"
"Healthcare applications of single camera markerless motion capture: a scoping review","Single camera markerless motion capture has potential for at-home movement assessment in neurological injury, hereditary/genetic neuromuscular disorders, frailty, and orthopedics, but currently lacks accuracy in detailed 3D kinematics.","Bradley Scott, D. Blana, E. Chadwick, F. Philp, M. Seyres",2022,67,"Background: Single camera markerless motion capture has the potential to facilitate at home movement assessment due to the ease of setup, portability, and affordable cost of the technology. However, it is not clear what the current healthcare applications of single camera markerless motion capture are and what information is being collected that may be used to inform clinical decision making. This review aims to map the available literature to highlight potential use cases and identify the limitations of the technology for clinicians and researchers interested in the collection of movement data.

Survey Methodology: Studies were collected up to 14 January 2022 using Pubmed, CINAHL and SPORTDiscus using a systematic search. Data recorded included the description of the markerless system, clinical outcome measures, and biomechanical data mapped to the International Classification of Functioning, Disability and Health Framework (ICF). Studies were grouped by patient population.

Results: A total of 50 studies were included for data collection. Use cases for single camera markerless motion capture technology were identified for Neurological Injury in Children and Adults; Hereditary/Genetic Neuromuscular Disorders; Frailty; and Orthopaedic or Musculoskeletal groups. Single camera markerless systems were found to perform well in studies involving single plane measurements, such as in the analysis of infant general movements or spatiotemporal parameters of gait, when evaluated against 3D marker-based systems and a variety of clinical outcome measures. However, they were less capable than marker-based systems in studies requiring the tracking of detailed 3D kinematics or fine movements such as finger tracking.

Conclusions: Single camera markerless motion capture offers great potential for extending the scope of movement analysis outside of laboratory settings in a practical way, but currently suffers from a lack of accuracy where detailed 3D kinematics are required for clinical decision making. Future work should therefore focus on improving tracking accuracy of movements that are out of plane relative to the camera orientation or affected by occlusion, such as supination and pronation of the forearm.

©2022 Scott et al.","systematic review","PeerJ","1","10.7717/peerj.13517","https://consensus.app/papers/healthcare-applications-of-single-camera-markerless-scott-blana/c74772b19a9a5852995bf30e78f0ffd9/"
"Accuracy, Validity, and Reliability of Markerless Camera-Based 3D Motion Capture Systems versus Marker-Based 3D Motion Capture Systems in Gait Analysis: A Systematic Review and Meta-Analysis","Markerless camera-based 3D motion capture systems (MCBS) show comparable accuracy, validity, and reliability to marker-based 3D motion capture systems in spatiotemporal parameters, but lack valid and accurate measurement outcomes in transverse and frontal planes.","Sofia Scataglini, Eveline Abts, Cas Van Bocxlaer, Maxime Van den Bussche, Sara Meletani, S. Truijen",2024,121,"(1) Background: Marker-based 3D motion capture systems (MBS) are considered the gold standard in gait analysis. However, they have limitations for which markerless camera-based 3D motion capture systems (MCBS) could provide a solution. The aim of this systematic review and meta-analysis is to compare the accuracy, validity, and reliability of MCBS and MBS. (2) Methods: A total of 2047 papers were systematically searched according to PRISMA guidelines on 7 February 2024, in two different databases: Pubmed (1339) and WoS (708). The COSMIN-tool and EBRO guidelines were used to assess risk of bias and level of evidence. (3) Results: After full text screening, 22 papers were included. Spatiotemporal parameters showed overall good to excellent accuracy, validity, and reliability. For kinematic variables, hip and knee showed moderate to excellent agreement between the systems, while for the ankle joint, poor concurrent validity and reliability were measured. The accuracy and concurrent validity of walking speed were considered excellent in all cases, with only a small bias. The meta-analysis of the inter-rater reliability and concurrent validity of walking speed, step time, and step length resulted in a good-to-excellent intraclass correlation coefficient (ICC) (0.81; 0.98). (4) Discussion and conclusions: MCBS are comparable in terms of accuracy, concurrent validity, and reliability to MBS in spatiotemporal parameters. Additionally, kinematic parameters for hip and knee in the sagittal plane are considered most valid and reliable but lack valid and accurate measurement outcomes in transverse and frontal planes. Customization and standardization of methodological procedures are necessary for future research to adequately compare protocols in clinical settings, with more attention to patient populations.","meta-analysis","Sensors (Basel, Switzerland)","1","10.3390/s24113686","https://consensus.app/papers/accuracy-validity-and-reliability-of-markerless-scataglini-abts/b2ea274d06605ac19019c898cf994898/"
"Technological advances in lower-limb tele-rehabilitation: A review of literature","Vision-based tele-rehabilitation systems show the most promise, but require more testing and comprehensive datasets for accurate assessment of lower limb exercises.","Alireza Ettefagh, A. Roshan Fekr",2024,13,"Tele-rehabilitation is a healthcare practice that leverages technology to provide rehabilitation services remotely to individuals in their own homes or other locations. With advancements in remote monitoring and Artificial Intelligence, automatic tele-rehabilitation systems that can measure joint angles, recognize exercises, and provide feedback based on movement analysis are being developed. Such platforms can offer valuable information to clinicians for improved care planning. However, with various methods and sensors being used, understanding their pros, cons, and performance is important. This paper reviews and compares the performance of recent vision-based, wearable, and pressure-sensing technologies used in lower limb tele-rehabilitation systems over the past 10 years (from 2014 to 2023). We selected studies that were published in English and focused on joint angle estimation, activity recognition, and exercise assessment. Vision-based approaches were the most common, accounting for 42% of studies. Wearable technology followed at approximately 37%, and pressure-sensing technology appeared in 21% of studies. Identified gaps include a lack of uniformity in reported performance metrics and evaluation methods, a need for cross-subject validation, inadequate testing with patients and older adults, restricted sets of exercises evaluated, and a scarcity of comprehensive datasets on lower limb exercises, especially those involving movements while lying down.

© The Author(s) 2024.","systematic review","Journal of Rehabilitation and Assistive Technologies Engineering","","10.1177/20556683241259256","https://consensus.app/papers/technological-advances-in-lowerlimb-telerehabilitation-ettefagh-fekr/db2613eac09e5d1b9578893099bc7d5f/"
"A systematic review of the applications of markerless motion capture (MMC) technology for clinical measurement in rehabilitation","Markerless motion capture (MMC) technology shows potential as an assessment tool and symptom detection in rehabilitation, with potential for early disease screening through artificial intelligence.","Winnie W. T. Lam, Yukming Tang, K. Fong",2023,163,"Background: Markerless motion capture (MMC) technology has been developed to avoid the need for body marker placement during motion tracking and analysis of human movement. Although researchers have long proposed the use of MMC technology in clinical measurement-identification and measurement of movement kinematics in a clinical population, its actual application is still in its preliminary stages. The benefits of MMC technology are also inconclusive with regard to its use in assessing patients' conditions. In this review we put a minor focus on the method's engineering components and sought primarily to determine the current application of MMC as a clinical measurement tool in rehabilitation.

Methods: A systematic computerized literature search was conducted in PubMed, Medline, CINAHL, CENTRAL, EMBASE, and IEEE. The search keywords used in each database were ""Markerless Motion Capture OR Motion Capture OR Motion Capture Technology OR Markerless Motion Capture Technology OR Computer Vision OR Video-based OR Pose Estimation AND Assessment OR Clinical Assessment OR Clinical Measurement OR Assess."" Only peer-reviewed articles that applied MMC technology for clinical measurement were included. The last search took place on March 6, 2023. Details regarding the application of MMC technology for different types of patients and body parts, as well as the assessment results, were summarized.

Results: A total of 65 studies were included. The MMC systems used for measurement were most frequently used to identify symptoms or to detect differences in movement patterns between disease populations and their healthy counterparts. Patients with Parkinson's disease (PD) who demonstrated obvious and well-defined physical signs were the largest patient group to which MMC assessment had been applied. Microsoft Kinect was the most frequently used MMC system, although there was a recent trend of motion analysis using video captured with a smartphone camera.

Conclusions: This review explored the current uses of MMC technology for clinical measurement. MMC technology has the potential to be used as an assessment tool as well as to assist in the detection and identification of symptoms, which might further contribute to the use of an artificial intelligence method for early screening for diseases. Further studies are warranted to develop and integrate MMC system in a platform that can be user-friendly and accurately analyzed by clinicians to extend the use of MMC technology in the disease populations.

© 2023. The Author(s).","systematic review","Journal of NeuroEngineering and Rehabilitation","1","10.1186/s12984-023-01186-9","https://consensus.app/papers/a-systematic-review-of-the-applications-of-markerless-lam-tang/6aa2b704d62c5fbb806b5963e50b50d1/"
"The Telemedicine Musculoskeletal Examination","Telemedicine can provide convenient, safe, and time-efficient care for musculoskeletal complaints, with guidelines for virtual physical examinations of the shoulder, hip, knee, ankle, and cervical and lumbar spine.","E. Laskowski, Shelby E. Johnson, R. Shelerud, Jason A. Lee, Amy E. Rabatin, Sherilyn W. Driscoll, Brittany J. Moore, M. Wainberg, Carmen M. Terzic",2020,130,"","other","Mayo Clinic Proceedings","1","10.1016/j.mayocp.2020.05.026","https://consensus.app/papers/the-telemedicine-musculoskeletal-examination-laskowski-johnson/fb0c1438fca15d0cba33da55c324f51f/"
"Telemedicine in the Era of COVID-19","Standardizing telemedicine protocols can maximize the benefit and efficiency of virtual orthopaedic examinations, aiding in triaging and managing common musculoskeletal conditions during the COVID-19 pandemic.","Miho J. Tanaka, L. Oh, S. Martin, E. Berkson",2020,221,"With the onset of the COVID-19 pandemic, the shifting of clinical care to telemedicine visits has been hastened. Because of current limitations in resources, many elective surgeons have been forced to venture into utilizing telemedicine, in which the standards for orthopaedic examinations have not previously been fully developed. We report our experience with protocols and methods to standardize these visits to maximize the benefit and efficiency of the virtual orthopaedic examination. At the time of scheduling, patients are asked to prepare for their virtual visit and are given a checklist. In addition to confirming audiovisual capabilities prior to the visit, patients are given specific instructions on camera positioning, body positioning, setting, and attire to improve the efficiency of the visit. During the examination, digital tools can be utilized as needed. In the setting of outpatient injury evaluations, a systematic virtual examination can aid in triaging and managing common musculoskeletal conditions. With the rapid incorporation of telehealth visits, as well as the unknown future with regard to the pandemic, the utilization and capabilities of telemedicine will continue to expand. Future directions include the development of validated, modified examination techniques and new technology that will allow for improved interactive physical examinations, as we rapidly move forward into the realm of telemedicine due to unexpected necessity.","","The Journal of Bone and Joint Surgery. American Volume","1","10.2106/jbjs.20.00609","https://consensus.app/papers/telemedicine-in-the-era-of-covid19-tanaka-oh/6e967fa68f2f5f4aa15a7ab4ce2bf784/"
"Concurrent validity of smartphone-based markerless motion capturing to quantify lower-limb joint kinematics in healthy and pathological gait.","Smartphone-based markerless motion capture systems show potential for assessing gait kinematics, but require further improvements in deep learning algorithms for clinical use.","B. Horsak, Anna Eichmann, Kerstin Lauer, Kerstin Prock, P. Krondorfer, Tarique Siragy, B. Dumphart",2023,74,"","other","Journal of biomechanics","1","10.1016/j.jbiomech.2023.111801","https://consensus.app/papers/concurrent-validity-of-smartphonebased-markerless-horsak-eichmann/e9c6da483a905903af8e7053f53a999e/"
"Validating Single-Camera Pose Estimation Against Multi-Camera Motion Capture for Accessible Biomechanical Assessment","","Aniket Pratapneni, Ryan Halvorson, P. Silvestros, Nicholas Harris, Jeannie Bailey",2026,0,"","other","IEEE access : practical innovations, open solutions","1","10.1109/access.2026.3687207","https://consensus.app/papers/validating-singlecamera-pose-estimation-against-pratapneni-halvorson/37ceb9d8a3ea5aeaad215db374e1f570/"
"Advanced Home-Based Shoulder Rehabilitation: A Systematic Review of Remote Monitoring Devices and Their Therapeutic Efficacy","Wearable systems and low-cost visual tracking devices show promise as remote monitoring technologies for home-based shoulder rehabilitation, offering broader access and potentially reducing healthcare costs.","Martina Sassi, Mariajose Villa Corta, Matteo Giuseppe Pisani, Guido Nicodemi, E. Schena, Leandro Pecchia, U. Longo",2024,18,"Shoulder pain represents the most frequently reported musculoskeletal disorder, often leading to significant functional impairment and pain, impacting quality of life. Home-based rehabilitation programs offer a more accessible and convenient solution for an effective shoulder disorder treatment, addressing logistical and financial constraints associated with traditional physiotherapy. The aim of this systematic review is to report the monitoring devices currently proposed and tested for shoulder rehabilitation in home settings. The research question was formulated using the PICO approach, and the PRISMA guidelines were applied to ensure a transparent methodology for the systematic review process. A comprehensive search of PubMed and Scopus was conducted, and the results were included from 2014 up to 2023. Three different tools (i.e., the Rob 2 version of the Cochrane risk-of-bias tool, the Joanna Briggs Institute (JBI) Critical Appraisal tool, and the ROBINS-I tool) were used to assess the risk of bias. Fifteen studies were included as they fulfilled the inclusion criteria. The results showed that wearable systems represent a promising solution as remote monitoring technologies, offering quantitative and clinically meaningful insights into the progress of individuals within a rehabilitation pathway. Recent trends indicate a growing use of low-cost, non-intrusive visual tracking devices, such as camera-based monitoring systems, within the domain of tele-rehabilitation. The integration of home-based monitoring devices alongside traditional rehabilitation methods is acquiring significant attention, offering broader access to high-quality care, and potentially reducing healthcare costs associated with in-person therapy.","systematic review","Sensors (Basel, Switzerland)","1","10.3390/s24092936","https://consensus.app/papers/advanced-homebased-shoulder-rehabilitation-a-systematic-sassi-corta/1c5729469cc75a3bad4e0d66208f2b8d/"
"Musculoskeletal Digital Therapeutics and Digital Health Rehabilitation: A Global Paradigm Shift in Orthopedic Care","Digital therapeutics show potential in improving functional outcomes, adherence, and cost-effectiveness in orthopedic care, but long-term effectiveness and large-scale clinical integration require further investigation.","Youn Kyu Lee, Eun-Ji Yoon, Tae Hyung Kim, Jong-Ick Kim, Jong-Ho Kim",2025,8,"Musculoskeletal disorders (MSDs) affect over 1.7 billion people globally and represent the leading cause of disability worldwide. Conventional rehabilitation strategies face challenges including limited accessibility, suboptimal adherence, and lack of personalization. Digital therapeutics (DTx)-evidence-based, software-driven interventions regulated as medical devices-have emerged as transformative solutions in chronic disease management. This review provides a narrative synthesis of representative studies in the field, drawing on a broad survey of literature from medical and engineering sources to capture current trends and clinically relevant developments. Seventy-five publications were examined, including clinical trials and validation studies, many of which reported outcomes comparable or superior to traditional rehabilitation approaches, with adherence gains of 15-40% and cost reductions of approximately 30-40%. We summarize the major technological foundations of musculoskeletal DTx and digital rehabilitation across orthopedic subspecialties, describing core-enabling technologies including artificial intelligence-driven motion analysis, wearable sensors, tele-rehabilitation platforms, and cloud-based ecosystems. Clinical applications spanning spine, upper and lower extremities, sports injuries, and trauma were analyzed alongside global regulatory frameworks, economic considerations, and implementation challenges. Early clinical evidence demonstrates improvements in functional outcomes, adherence, and cost-effectiveness. Future directions include digital twin-based precision rehabilitation, predictive analytics, and scalable integration into value-based orthopedic care. By establishing a comprehensive framework for musculoskeletal DTx implementation, this review highlights their potential to improve outcomes, reduce healthcare costs, and address global rehabilitation access gaps. However, evidence on long-term effectiveness, sustained cost benefits, and large-scale clinical integration remains limited and warrants further investigation.","literature review","Journal of Clinical Medicine","1","10.3390/jcm14238467","https://consensus.app/papers/musculoskeletal-digital-therapeutics-and-digital-health-lee-yoon/8d401b4732bf5fa48f392cc707fa9cd9/"
"The Role and Importance of Using Sensor-Based Devices in Medical Rehabilitation: A Literature Review on the New Therapeutic Approaches","Sensor-based devices in medical rehabilitation can enhance patient recovery by rehabilitating missing components and adapting to evolving technology.","D. Szabo, N. Neagu, Silvia Teodorescu, Mihaela Apostu, C. Predescu, C. Pârvu, Cristina Veres",2023,23,"Due to the growth of sensor technology, more affordable integrated circuits, and connectivity technologies, the usage of wearable equipment and sensing devices for monitoring physical activities, whether for wellness, sports monitoring, or medical rehabilitation, has exploded. The current literature review was performed between October 2022 and February 2023 using PubMed, Web of Science, and Scopus in accordance with P.R.I.S.M.A. criteria. The screening phase resulted in the exclusion of 69 articles that did not fit the themes developed in all subchapters of the study, 41 articles that dealt exclusively with rehabilitation and orthopaedics, 28 articles whose abstracts were not visible, and 10 articles that dealt exclusively with other sensor-based devices and not medical ones; the inclusion phase resulted in the inclusion of 111 articles. Patients who utilise sensor-based devices have several advantages due to rehabilitating a missing component, which marks the accomplishment of a fundamental goal within the rehabilitation program. As technology moves faster and faster forward, the field of medical rehabilitation has to adapt to the time we live in by using technology and intelligent devices. This means changing every part of rehabilitation and finding the most valuable and helpful gadgets that can be used to regain lost functions, keep people healthy, or prevent diseases.","systematic review","Sensors (Basel, Switzerland)","1","10.3390/s23218950","https://consensus.app/papers/the-role-and-importance-of-using-sensorbased-devices-in-szabo-neagu/be68c0f423ed59109711c659f4f29010/"
"Wearable Movement Sensors for Rehabilitation: A Focused Review of Technological and Clinical Advances","Wearable movement sensors show promise in enhancing rehabilitation care for patients with neurologic or musculoskeletal conditions, potentially leading to personalized medicine.","Franchino Porciuncula, Anna V Roto, Deepak Kumar, I. Davis, Serge Roy, C. Walsh, L. Awad",2018,262,"","","PM & R : the journal of injury, function, and rehabilitation","","10.1016/j.pmrj.2018.06.013","https://consensus.app/papers/wearable-movement-sensors-for-rehabilitation-a-focused-porciuncula-roto/56404085373d5690ba60542f37b660dd/"
"Remote Follow-Up Using Smartphone Apps, Telemedicine, and Wearable Activity Sensors After Joint Replacement: A Narrative Review","Remote follow-up using apps and wearables after joint replacement improves patient engagement, adherence, pain management, and functional recovery, with potential for cost-savings and reduced in-person visits.","Ali Soffar, Ahmed Elkohail, Abdelrahman Sayed, Mohamed Elbanna, Kerementi Othieno-P’otonya, Mohammad Monir, Hassan A Kassem, A. Abdellatif",2025,3,"Digital health tools such as smartphone applications, telemedicine platforms, wearable activity sensors, and emerging smart implants are positively influencing postoperative follow-up after joint replacement. This narrative review synthesizes recent advances and evidence across these modalities. Smartphone apps consistently improve patient engagement, adherence, pain management, and functional recovery, while enabling scalable data capture. Wearables provide objective, continuous measures of mobility and range of motion and have shown acceptable accuracy in arthroplasty populations. Combined app-plus-sensor programs, including self-directed rehabilitation, achieve clinical outcomes comparable to standard care in randomized trials and can reduce costs and in-person visits. Telemedicine and home-based telerehabilitation demonstrate noninferiority to face-to-face physiotherapy for total joint arthroplasty, with high patient satisfaction and logistical advantages. Smart implants, though earlier in clinical adoption, yield unique biomechanical insights that may personalize rehabilitation and enable early detection of complications. Key challenges include heterogeneous study designs and metrics, device placement-dependent accuracy, digital literacy and connectivity barriers (especially among older adults or rural patients), data security and regulatory considerations, and technical constraints for implant power and wireless communication. Overall, remote follow-up using apps and wearables is a credible adjunct, or alternative, to conventional pathways after joint replacement; scaling impact will require standardized outcomes, interoperability, robust privacy safeguards, and prospective trials that link digital signals to meaningful clinical endpoints.

Copyright © 2025, Soffar et al.","literature review","Cureus","","10.7759/cureus.96693","https://consensus.app/papers/remote-followup-using-smartphone-apps-telemedicine-and-soffar-elkohail/9cd98b1630cd5d0a8db6b74fdafa31dd/"
"EVALUATING THE RELIABILITY OF MARKERLESS MOTION CAPTURE FOR JOINT ANGLE ESTIMATION IN A CLINICAL HALLWAY SETTING COMPARED TO A TRADITIONAL LABORATORY SETTING","Markerless motion capture in constrained clinical spaces provides accurate joint angle estimates, supporting its integration into clinical workflows and enhancing gait assessment accessibility.","M. Ruder, M. Malek, F. Gafoor, V. D. Di Bacco, J. Outerleys, E. Laende",2026,0,"Gait analysis plays a vital role in clinical care by aiding in the diagnosis, treatment planning, and rehabilitation evaluation of movement disorders. Traditional marker-based motion capture systems, however, are hindered by time-consuming setup procedures, high costs, and significant space requirements, limiting their widespread adoption in clinical settings. Recent advances in markerless motion capture technology offer a promising alternative by eliminating the need for markers and extensive setup time. While these systems have demonstrated comparable kinematic data to traditional setups in laboratory environments their validity and reliability in constrained clinical spaces remain underexplored. Space limitations, such as narrow hallways common in clinical settings, could impact the accuracy of markerless motion capture data.
 The purpose of this study was to evaluate the validity and reliability of a markerless motion capture system implemented within a clinical hallway compared to a laboratory-based setup when estimating joint angles during clinical movement assessments among healthy adults. We analysed data from participants performing quiet standing, walking, and sit-to-stand activities in both environments on the same day. We hypothesized that there would be minimal differences between the data obtained from the constrained clinical hallway setup and the traditional laboratory-based setup, and that the reliability of measurements would remain high across both settings.
 Twenty-five healthy adults (34 ± 16 years, 15F) participated, reporting no clinical gait conditions and confirming a pain score ≤ three on a visual analog scale. Two camera setups were employed: an eight-camera laboratory configuration and a 10-camera constrained clinical hallway arrangement, both using Sony RX0 II cameras. The laboratory setup featured a circular layout with cameras spaced 2.7m apart along a 5.4m runway. The clinical setup used a 7.6m curved hallway, with cameras mounted on walls/ceilings to maximize visibility despite limited space. Each participant completed three tasks—quiet standing (30s), 60s self-paced walking, and five repetitions of sit-to-stand—twice at each site. The order of sites was counterbalanced, and tasks were performed on the same day, without guidance on clothing, to simulate clinical conditions. Video data were processed in Theia3D, using a generalized cross-validatory spline filter (8 Hz cutoff) and a six-degree-of-freedom knee model. Kinematic data was analysed in Visual3D, with comparisons made using Bland-Altman plots, Pearson correlations, and intraclass correlation coefficients (ICC(2, k)), evaluating both within-site and between-site reliability.
 The constrained clinical setup demonstrated high validity for joint angle estimates across tasks, with Pearson correlations >0.85 and RMSE < 2.33° for gait waveforms, except for hip flexion (2.33°). ICC values were excellent (≥0.85) for both within-site and between-site comparisons. Minimal differences were observed in discrete stance measures, with mean errors < 1.06° and limits of agreement < 5 °. Sit-to-stand results indicated higher variability, with wide limits of agreement (12–20°), consistent with previous findings in functional tasks. Markerless motion capture in constrained clinical spaces provides joint kinematics comparable to laboratory settings, supporting its potential integration into clinical workflows. This approach could enhance gait assessment accessibility by utilizing existing clinical spaces.","other","Orthopaedic Proceedings","","10.1302/1358-992x.2026.2.028","https://consensus.app/papers/evaluating-the-reliability-of-markerless-motion-capture-ruder-malek/5b1d256058dd5c90a78d644289464e1c/"
"Validity and reliability of single camera markerless motion capture systems with RGB-D sensors for measuring shoulder range-of-motion: a systematic review","Single-camera markerless motion capture systems with RGB-D sensors show promise for measuring shoulder range-of-motion, particularly in simple movements like flexion and abduction, but complex movements and inconsistencies limit their immediate clinical applicability.","Unhyung Lee, Sujik Lee, Sung-A Kim, Yohwan Kim, Seunghoon Lee",2025,5,"Introduction: Assessing shoulder joint range-of-motion (ROM) is crucial for evaluating shoulder mobility but remains challenging due to its complexity. This review examined the potential of single-camera markerless motion capture systems with an RGB-depth (RGB-D) sensor for shoulder ROM measurements, focusing on their reliability and validity.

Methods: We systematically searched nine databases through December 2022 for studies that evaluated the reliability and validity of single-camera markerless motion-capture systems in measuring simple (one-directional) and complex (multi-directional) shoulder movements. We extracted data on participant characteristics, device details, and measurement outcomes, and then assessed the methodological quality using the Consensus-Based Standards for the Selection of Health.

Results: Of the 2,976 articles identified, 14 were included in this review. The findings indicate that intra-rater reliability findings across six studies were inconsistent, with simple movements like abduction and flexion demonstrating better reliability and less heterogeneity compared to complex movements. Validity assessments across 12 studies also showed inconsistency, with abduction and flexion measurements exhibiting higher validity than rotational movements. Studies focusing on simple movements reported good to excellent validity, particularly for abduction and flexion. Quality assessments using the COSMIN checklist revealed that the methodological quality varied across studies, ranging from inadequate to very good.

Discussion: This systematic review suggests that RGB-D sensors show promise for measuring shoulder joint ROM, especially in simple movements like flexion and abduction. However, complex movements and inconsistencies limit their immediate clinical applicability, necessitating further high-quality research with advanced devices to ensure accurate and reliable assessments.

Copyright © 2025 Lee, Lee, Kim, Kim and Lee.","systematic review","Frontiers in Bioengineering and Biotechnology","1","10.3389/fbioe.2025.1570637","https://consensus.app/papers/validity-and-reliability-of-single-camera-markerless-lee-lee/e51cfeae42e55f46870aa809f98c26e8/"
"Trends and Innovations in Wearable Technology for Motor Rehabilitation, Prediction, and Monitoring: A Comprehensive Review","Wearable technology can enhance upper-limb physiotherapy by monitoring and predicting symptoms related to upper-limb pathologies.","Pedro Lobo, Pedro Morais, Patrick Murray, João L. Vilaça",2024,24,"(1) Background: Continuous health promotion systems are increasingly important, enabling decentralized patient care, providing comfort, and reducing congestion in healthcare facilities. These systems allow for treatment beyond clinical settings and support preventive monitoring. Wearable systems have become essential tools for health monitoring, but they focus mainly on physiological data, overlooking motor data evaluation. The World Health Organization reports that 1.71 billion people globally suffer from musculoskeletal conditions, marked by pain and limited mobility. (2) Methods: To gain a deeper understanding of wearables for the motor rehabilitation, monitoring, and prediction of the progression and/or degradation of symptoms directly associated with upper-limb pathologies, this study was conducted. Thus, all articles indexed in the Web of Science database containing the terms ""wearable"", ""upper limb"", and (""rehabilitation"" or ""monitor"" or ""predict"") between 2019 and 2023 were flagged for analysis. (3) Results: Out of 391 papers identified, 148 were included and analyzed, exploring pathologies, technologies, and their interrelationships. Technologies were categorized by typology and primary purpose. (4) Conclusions: The study identified essential sensory units and actuators in wearable systems for upper-limb physiotherapy and analyzed them based on treatment methods and targeted pathologies.","systematic review","Sensors (Basel, Switzerland)","1","10.3390/s24247973","https://consensus.app/papers/trends-and-innovations-in-wearable-technology-for-motor-lobo-morais/dff2080df9f355dcabc745cde200599c/"
